model,accuracy,precision,recall,f1_score
Decision Tree,0.8928779918272037,0.8913725961143953,0.8928779918272037,0.8900506486959562
Logistic Regression,0.7530647985989493,0.7430649105468314,0.7530647985989491,0.7420179008088271
Random Forest,0.7028604786923526,0.7315529812482233,0.7028604786923525,0.6503589661979102
